{
  "sheetsById": {
    "Ernie": {
      "staticOverrides": {
        "byObject": {
          "camera": {
            "position": {
              "x": -1.1324011540044219,
              "y": 1.62692207241055,
              "z": 6.180499441499253
            },
            "rotation": {
              "x": -0.2,
              "y": -0.2,
              "z": 0
            },
            "near": 0.1,
            "fov": 50,
            "zoom": 1
          },
          "mesh": {
            "position": {
              "x": 0,
              "y": 0,
              "z": 0
            }
          },
          "pointLight": {
            "position": {
              "x": 4.302447457449578,
              "y": 5.172926509769677,
              "z": 8.782614556918123
            },
            "intensity": 2
          }
        }
      },
      "sequence": {
        "subUnitsPerUnit": 30,
        "length": 10,
        "type": "PositionalSequence",
        "tracksByObject": {
          "mesh": {
            "trackData": {
              "Nm2Pt-RHR_": {
                "type": "BasicKeyframedTrack",
                "__debugName": "mesh:[\"position\",\"x\"]",
                "keyframes": []
              },
              "H1UFIQX5aW": {
                "type": "BasicKeyframedTrack",
                "__debugName": "mesh:[\"position\",\"y\"]",
                "keyframes": [
                  {
                    "id": "5qlxd6cO9o",
                    "position": 0,
                    "connectedRight": true,
                    "handles": [
                      0.5, 1, 0.09803590192388179, 0.20370370370370372
                    ],
                    "type": "bezier",
                    "value": 0
                  },
                  {
                    "id": "q92u2oDahP",
                    "position": 0.5,
                    "connectedRight": true,
                    "handles": [
                      0.43365268269267354, 0.9907407407407407,
                      0.462508512329594, 0.009509556071536222
                    ],
                    "type": "bezier",
                    "value": 1.366099323924702
                  },
                  {
                    "id": "idpQugl8G3",
                    "position": 0.9,
                    "connectedRight": true,
                    "handles": [1, 0.8463295201289118, 0.5, 0],
                    "type": "bezier",
                    "value": 0.0054169358810530754
                  }
                ]
              },
              "SlP_ul_zQ4": {
                "type": "BasicKeyframedTrack",
                "__debugName": "mesh:[\"position\",\"z\"]",
                "keyframes": []
              }
            },
            "trackIdByPropPath": {
              "[\"position\",\"x\"]": "Nm2Pt-RHR_",
              "[\"position\",\"y\"]": "H1UFIQX5aW",
              "[\"position\",\"z\"]": "SlP_ul_zQ4"
            }
          }
        }
      }
    }
  },
  "definitionVersion": "0.4.0",
  "revisionHistory": ["5lcMJS95xOsb4DUq"]
}
